profile pic,nums/length username,fullname words,nums/length fullname,name==username,description length,external URL,private,posts,followers,follows,fake,followers_to_follows_ratio,posts_to_followers_ratio,posts_to_follows_ratio,desc_to_fullname_ratio,username_to_fullname_ratio
1,0.27,0,0.0,0,53,0,0,32,1000,955,0,1.0471204188481675,0.032,0.033507853403141365,,
1,0.0,2,0.0,0,44,0,0,286,2740,533,0,5.140712945590995,0.10437956204379562,0.5365853658536586,,
1,0.1,2,0.0,0,0,0,1,13,159,98,0,1.6224489795918366,0.08176100628930817,0.1326530612244898,,
1,0.0,1,0.0,0,82,0,0,679,414,651,0,0.6359447004608295,1.6400966183574879,1.043010752688172,,
1,0.0,2,0.0,0,0,0,1,6,151,126,0,1.1984126984126984,0.039735099337748346,0.047619047619047616,,
1,0.0,4,0.0,0,81,1,0,344,669987,150,0,4466.58,0.0005134427981438445,2.2933333333333334,,
1,0.0,2,0.0,0,50,0,0,16,122,177,0,0.6892655367231638,0.13114754098360656,0.0903954802259887,,
1,0.0,2,0.0,0,0,0,0,33,1078,76,0,14.18421052631579,0.030612244897959183,0.4342105263157895,,
1,0.0,0,0.0,0,71,0,0,72,1824,2713,0,0.6723184666420936,0.039473684210526314,0.026538886841135274,,
1,0.0,2,0.0,0,40,1,0,213,12945,813,0,15.92250922509225,0.01645422943221321,0.26199261992619927,,
1,0.0,2,0.0,0,54,0,0,648,9884,1173,0,8.42625745950554,0.06556050182112505,0.5524296675191815,,
1,0.0,2,0.0,0,54,1,0,76,1188,365,0,3.254794520547945,0.06397306397306397,0.20821917808219179,,
1,0.0,2,0.0,0,0,1,0,298,945,583,0,1.620926243567753,0.31534391534391537,0.5111492281303602,,
1,0.0,2,0.0,0,103,1,0,117,12033,248,0,48.520161290322584,0.009723261032161555,0.4717741935483871,,
1,0.0,2,0.0,0,98,1,0,487,1962,2701,0,0.7263976305072195,0.24821610601427116,0.18030359126249537,,
1,0.0,3,0.0,0,46,0,0,254,50374,900,0,55.971111111111114,0.005042283717790924,0.2822222222222222,,
1,0.0,3,0.0,0,0,0,0,59,7007,289,0,24.24567474048443,0.008420151277294135,0.2041522491349481,,
1,0.29,3,0.0,0,48,0,0,1570,1128,694,0,1.6253602305475505,1.3918439716312057,2.2622478386167146,,
1,0.0,2,0.0,0,63,1,0,378,34670,1878,0,18.461128860489882,0.010902797807903087,0.2012779552715655,,
1,0.0,2,0.0,0,106,1,0,526,2338,776,0,3.0128865979381443,0.2249786142001711,0.6778350515463918,,
1,0.0,2,0.0,0,40,0,0,228,3516,999,0,3.5195195195195197,0.06484641638225255,0.22822822822822822,,
1,0.0,1,0.0,0,35,1,1,35,1809,416,0,4.3485576923076925,0.019347705914870093,0.08413461538461539,,
1,0.0,2,0.0,0,30,0,0,281,427,470,0,0.9085106382978724,0.65807962529274,0.597872340425532,,
1,0.0,1,0.0,0,27,0,0,285,759,956,0,0.7939330543933054,0.37549407114624506,0.29811715481171547,,
1,0.0,0,0.0,0,0,0,0,148,15338538,61,0,251451.44262295082,9.648898741196848e-06,2.4262295081967213,,
1,0.0,1,0.0,0,109,1,1,57,109,179,0,0.6089385474860335,0.5229357798165137,0.31843575418994413,,
1,0.0,6,0.0,0,0,0,1,17,536,665,0,0.806015037593985,0.03171641791044776,0.02556390977443609,,
1,0.0,2,0.0,0,132,1,0,511,121354,176,0,689.5113636363636,0.0042108212337459,2.903409090909091,,
1,0.0,2,0.0,0,126,1,0,230,2284,130,0,17.56923076923077,0.10070052539404553,1.7692307692307692,,
1,0.0,2,0.0,0,122,0,1,15,186,174,0,1.0689655172413792,0.08064516129032258,0.08620689655172414,,
1,0.0,2,0.0,0,138,0,1,980,687,1517,0,0.45286750164798945,1.4264919941775838,0.6460118655240606,,
1,0.13,0,0.0,0,0,0,1,53,966,952,0,1.0147058823529411,0.054865424430641824,0.05567226890756303,,
1,0.0,2,0.0,0,50,0,1,111,177,170,0,1.0411764705882354,0.6271186440677966,0.6529411764705882,,
1,0.0,2,0.0,0,35,0,0,719,744,967,0,0.7693898655635988,0.9663978494623656,0.7435367114788004,,
1,0.0,2,0.0,0,56,1,0,1164,542073,674,0,804.2626112759644,0.0021473122623705664,1.7270029673590503,,
1,0.18,2,0.0,0,9,0,0,497,5315651,2703,0,1966.574546799852,9.349748506815063e-05,0.18386977432482426,,
1,0.33,0,0.0,0,0,0,1,18,267,328,0,0.8140243902439024,0.06741573033707865,0.054878048780487805,,
1,0.0,2,0.0,0,81,0,0,50,691,680,0,1.0161764705882352,0.0723589001447178,0.07352941176470588,,
1,0.0,2,0.0,0,134,0,1,74,120,112,0,1.0714285714285714,0.6166666666666667,0.6607142857142857,,
1,0.0,2,0.0,0,0,0,0,8,105,98,0,1.0714285714285714,0.0761904761904762,0.08163265306122448,,
1,0.0,0,0.0,0,2,0,0,7389,890969,11,0,80997.18181818182,0.008293217833617106,671.7272727272727,,
1,0.0,2,0.0,0,0,1,0,420,361853,583,0,620.6740994854202,0.0011606923253365316,0.7204116638078902,,
1,0.0,2,0.0,0,23,0,0,433,3678,1359,0,2.706401766004415,0.11772702555736814,0.318616629874908,,
1,0.0,2,0.0,0,138,1,0,156,92192,16,0,5762.0,0.001692120791391878,9.75,,
1,0.0,4,0.0,0,35,0,0,4494,12397719,8,0,1549714.875,0.00036248603472945306,561.75,,
1,0.0,3,0.0,0,93,0,0,751,380510,0,0,,0.0019736669207116764,,,
1,0.0,2,0.0,0,4,0,1,4,132,183,0,0.7213114754098361,0.030303030303030304,0.02185792349726776,,
1,0.0,2,0.0,0,1,0,1,27,162,208,0,0.7788461538461539,0.16666666666666666,0.12980769230769232,,
1,0.0,1,0.0,0,4,0,0,91,369,546,0,0.6758241758241759,0.24661246612466126,0.16666666666666666,,
1,0.0,0,0.0,0,23,0,0,262,1476,666,0,2.2162162162162162,0.17750677506775067,0.3933933933933934,,
1,0.0,3,0.0,0,91,1,0,274,1798,461,0,3.9002169197396963,0.15239154616240266,0.5943600867678959,,
1,0.0,2,0.0,0,57,0,0,271,2118,1109,0,1.909828674481515,0.1279508970727101,0.24436429215509467,,
1,0.0,1,0.0,0,108,1,0,713,812,432,0,1.8796296296296295,0.8780788177339901,1.650462962962963,,
1,0.0,2,0.12,0,30,1,0,200,7217,761,0,9.483574244415243,0.02771234585007621,0.2628120893561104,250.0,0.0
1,0.0,0,0.0,0,82,0,0,12,313,376,0,0.8324468085106383,0.038338658146964855,0.031914893617021274,,
1,0.12,1,0.0,0,12,1,0,26,64,261,0,0.24521072796934865,0.40625,0.09961685823754789,,
1,0.0,2,0.0,0,54,0,0,75,1759,643,0,2.735614307931571,0.04263786242183058,0.1166407465007776,,
1,0.0,1,0.0,0,0,0,1,94,404,283,0,1.4275618374558303,0.23267326732673269,0.3321554770318021,,
1,0.0,1,0.0,0,12,0,0,63,1843,598,0,3.0819397993311037,0.0341833966359197,0.10535117056856187,,
1,0.12,2,0.0,0,0,0,0,69,320377,228,0,1405.1622807017543,0.00021537126572756472,0.3026315789473684,,
1,0.0,1,0.0,0,3,0,0,12,108,97,0,1.1134020618556701,0.1111111111111111,0.12371134020618557,,
1,0.0,1,0.0,0,39,1,0,63,384,447,0,0.8590604026845637,0.1640625,0.14093959731543623,,
1,0.19,2,0.0,0,0,0,0,19,60,100,0,0.6,0.31666666666666665,0.19,,
1,0.0,1,0.0,0,68,1,0,100,802,151,0,5.311258278145695,0.12468827930174564,0.6622516556291391,,
1,0.0,2,0.0,0,129,1,0,661,51145,528,0,96.8655303030303,0.012924039495551862,1.2518939393939394,,
1,0.0,2,0.0,0,57,1,0,149,1582,1882,0,0.8405951115834219,0.09418457648546144,0.07917109458023379,,
1,0.0,2,0.0,0,64,0,0,22,223,266,0,0.8383458646616542,0.09865470852017937,0.08270676691729323,,
1,0.0,1,0.0,0,42,0,0,400,18842,744,0,25.3252688172043,0.021229168878038426,0.5376344086021505,,
1,0.0,2,0.0,0,71,1,0,149,10240,1255,0,8.159362549800797,0.01455078125,0.11872509960159362,,
1,0.0,3,0.0,0,0,0,0,122,539,639,0,0.8435054773082942,0.22634508348794063,0.19092331768388107,,
1,0.33,2,0.0,0,70,0,0,74,399,452,0,0.8827433628318584,0.18546365914786966,0.16371681415929204,,
1,0.0,1,0.0,0,74,0,0,13,581,568,0,1.022887323943662,0.022375215146299483,0.022887323943661973,,
1,0.0,1,0.0,0,8,0,1,8,166,163,0,1.01840490797546,0.04819277108433735,0.049079754601226995,,
1,0.0,2,0.0,0,35,0,0,77,417,362,0,1.1519337016574585,0.18465227817745802,0.212707182320442,,
1,0.2,2,0.0,0,0,0,1,5,266,324,0,0.8209876543209876,0.018796992481203006,0.015432098765432098,,
1,0.0,1,0.0,0,0,0,1,3,33,37,0,0.8918918918918919,0.09090909090909091,0.08108108108108109,,
1,0.0,2,0.0,0,28,0,1,106,494,998,0,0.49498997995991983,0.2145748987854251,0.1062124248496994,,
1,0.0,2,0.0,0,18,0,1,14,178,245,0,0.726530612244898,0.07865168539325842,0.05714285714285714,,
1,0.0,3,0.0,0,28,0,0,172,470,288,0,1.6319444444444444,0.3659574468085106,0.5972222222222222,,
1,0.33,1,0.0,0,36,0,0,111,807,675,0,1.1955555555555555,0.137546468401487,0.16444444444444445,,
1,0.0,2,0.0,0,2,0,0,38,162,256,0,0.6328125,0.2345679012345679,0.1484375,,
1,0.06,2,0.0,0,11,0,1,19,417,395,0,1.0556962025316456,0.045563549160671464,0.04810126582278481,,
1,0.0,3,0.0,0,70,1,0,227,17303,360,0,48.06388888888889,0.013119112292666012,0.6305555555555555,,
1,0.0,2,0.0,0,29,0,0,221,1439,629,0,2.287758346581876,0.1535788742182071,0.35135135135135137,,
1,0.0,2,0.0,0,24,1,0,580,91446,526,0,173.85171102661596,0.006342540953130809,1.102661596958175,,
1,0.0,3,0.0,0,21,1,0,40,824,489,0,1.6850715746421268,0.04854368932038835,0.081799591002045,,
1,0.0,1,0.0,0,81,0,0,101,741,1440,0,0.5145833333333333,0.13630229419703105,0.07013888888888889,,
1,0.0,1,0.0,0,34,1,1,157,1267,899,0,1.4093437152391546,0.1239147592738753,0.1746384872080089,,
1,0.0,0,0.0,0,40,0,0,197,4594,1713,0,2.6818447168709865,0.04288202002612103,0.11500291885580852,,
1,0.0,1,0.0,0,12,0,0,61,1135,899,0,1.2625139043381535,0.053744493392070485,0.067853170189099,,
1,0.0,2,0.0,0,0,0,1,698,1926,1410,0,1.3659574468085107,0.3624091381100727,0.4950354609929078,,
1,0.0,2,0.0,0,59,0,1,49,1068,1925,0,0.5548051948051949,0.04588014981273408,0.025454545454545455,,
1,0.0,1,0.0,0,15,0,1,85,815,748,0,1.089572192513369,0.10429447852760736,0.11363636363636363,,
1,0.0,2,0.0,0,54,0,0,77,565,469,0,1.2046908315565032,0.13628318584070798,0.16417910447761194,,
1,0.0,1,0.0,0,16,0,0,58,2556,1074,0,2.3798882681564244,0.02269170579029734,0.054003724394785846,,
1,0.0,2,0.0,0,73,0,1,232,1312,935,0,1.4032085561497327,0.17682926829268292,0.24812834224598931,,
1,0.0,1,0.0,0,24,0,0,20,699,599,0,1.1669449081803005,0.02861230329041488,0.0333889816360601,,
1,0.0,0,0.0,0,0,0,0,98,4328,418,0,10.354066985645932,0.02264325323475046,0.23444976076555024,,
1,0.0,0,0.0,0,26,1,0,559,2487,999,0,2.4894894894894897,0.22476879774829112,0.5595595595595596,,
1,0.0,3,0.0,0,0,0,0,189,673,438,0,1.5365296803652968,0.28083209509658247,0.4315068493150685,,
1,0.0,2,0.0,0,0,0,1,388,730,413,0,1.7675544794188862,0.5315068493150685,0.9394673123486683,,
1,0.0,0,0.0,0,0,0,1,28,59,55,0,1.0727272727272728,0.4745762711864407,0.509090909090909,,
1,0.0,3,0.0,0,0,0,1,156,289,222,0,1.3018018018018018,0.5397923875432526,0.7027027027027027,,
1,0.0,1,0.0,0,28,0,1,6,19,20,0,0.95,0.3157894736842105,0.3,,
1,0.0,2,0.0,0,55,1,0,69,3551,173,0,20.526011560693643,0.01943114615601239,0.3988439306358382,,
1,0.0,1,0.0,0,140,1,0,775,19512,591,0,33.015228426395936,0.03971914719147192,1.3113367174280879,,
1,0.0,0,0.0,0,122,1,0,205,2756,638,0,4.3197492163009406,0.07438316400580551,0.3213166144200627,,
1,0.0,2,0.0,0,113,1,0,209,5406,589,0,9.178268251273344,0.03866074731779504,0.3548387096774194,,
1,0.0,2,0.0,0,38,0,1,334,459,390,0,1.176923076923077,0.7276688453159041,0.8564102564102564,,
1,0.0,2,0.0,0,0,0,0,9,218,75,0,2.9066666666666667,0.04128440366972477,0.12,,
1,0.0,2,0.0,0,23,0,0,6,796,1155,0,0.6891774891774892,0.007537688442211055,0.005194805194805195,,
1,0.0,1,0.0,0,0,0,0,416,1113,1854,0,0.6003236245954693,0.37376460017969454,0.2243797195253506,,
1,0.2,1,0.0,0,89,0,1,13,138,208,0,0.6634615384615384,0.09420289855072464,0.0625,,
1,0.44,1,0.0,0,30,0,1,33,205,164,0,1.25,0.16097560975609757,0.20121951219512196,,
1,0.0,1,0.0,0,0,0,0,1,331,333,0,0.993993993993994,0.0030211480362537764,0.003003003003003003,,
1,0.1,1,0.1,0,0,0,0,711,748,4659,0,0.1605494741360807,0.9505347593582888,0.15260785576303929,0.0,1.0
1,0.0,1,0.0,0,0,0,0,114,490,1093,0,0.44830741079597436,0.23265306122448978,0.10430009149130832,,
1,0.0,1,0.08,0,12,0,1,16,456,413,0,1.1041162227602905,0.03508771929824561,0.0387409200968523,150.0,0.0
1,0.0,0,0.0,0,123,1,0,107,971,2047,0,0.47435271128480705,0.1101956745623069,0.05227161700048852,,
1,0.24,1,0.24,0,0,0,0,5,497,438,0,1.134703196347032,0.01006036217303823,0.01141552511415525,0.0,1.0
1,0.14,2,0.0,0,0,0,1,7,99,132,0,0.75,0.0707070707070707,0.05303030303030303,,
1,0.0,0,0.0,0,0,0,1,21,193,413,0,0.46731234866828086,0.10880829015544041,0.05084745762711865,,
1,0.0,2,0.0,0,40,0,0,65,492,689,0,0.714078374455733,0.13211382113821138,0.09433962264150944,,
1,0.29,2,0.0,0,0,0,0,10,167,164,0,1.0182926829268293,0.059880239520958084,0.06097560975609756,,
1,0.0,2,0.0,0,33,0,1,59,99,178,0,0.5561797752808989,0.5959595959595959,0.33146067415730335,,
1,0.0,0,0.0,0,0,0,1,137,916,1142,0,0.8021015761821366,0.14956331877729256,0.11996497373029773,,
1,0.0,2,0.0,0,5,0,1,10,196,209,0,0.937799043062201,0.05102040816326531,0.04784688995215311,,
1,0.0,1,0.0,0,0,0,1,571,765,424,0,1.804245283018868,0.74640522875817,1.346698113207547,,
1,0.18,2,0.0,0,23,0,1,24,45,80,0,0.5625,0.5333333333333333,0.3,,
1,0.0,1,0.0,0,35,1,0,328,634,719,0,0.8817802503477051,0.5173501577287066,0.4561891515994437,,
1,0.0,4,0.0,0,150,1,0,161,1383,7500,0,0.1844,0.11641359363702097,0.021466666666666665,,
1,0.0,1,0.0,0,26,0,1,280,650,703,0,0.9246088193456614,0.4307692307692308,0.39829302987197723,,
1,0.0,2,0.0,0,149,0,1,92,484,3296,0,0.14684466019417475,0.19008264462809918,0.027912621359223302,,
1,0.0,3,0.0,0,129,0,0,31,200,270,0,0.7407407407407407,0.155,0.11481481481481481,,
1,0.0,2,0.0,0,0,0,0,0,192,65,0,2.953846153846154,0.0,0.0,,
1,0.0,0,0.0,0,18,0,1,25,553,610,0,0.9065573770491804,0.045207956600361664,0.040983606557377046,,
1,0.0,2,0.0,0,74,1,0,921,27477,7202,0,3.8151902249375174,0.033518943116060705,0.12788114412663149,,
1,0.0,2,0.0,0,0,1,1,1020,464,1039,0,0.4465832531280077,2.1982758620689653,0.9817131857555341,,
1,0.0,1,0.0,0,59,0,0,301,1057,524,0,2.017175572519084,0.2847682119205298,0.5744274809160306,,
1,0.0,3,0.0,0,148,0,0,9,413,138,0,2.9927536231884058,0.021791767554479417,0.06521739130434782,,
1,0.0,0,0.0,0,0,1,0,158,389,806,0,0.4826302729528536,0.40616966580976865,0.19602977667493796,,
1,0.29,1,0.0,0,15,0,0,43,505,503,0,1.0039761431411531,0.08514851485148515,0.08548707753479125,,
1,0.0,12,0.0,0,46,0,1,24,941,1208,0,0.7789735099337748,0.025504782146652496,0.019867549668874173,,
1,0.0,2,0.0,0,5,0,1,60,2598,802,0,3.239401496259352,0.023094688221709007,0.07481296758104738,,
1,0.0,1,0.0,0,98,0,0,4,59,111,0,0.5315315315315315,0.06779661016949153,0.036036036036036036,,
1,0.0,2,0.0,0,55,0,0,220,622,475,0,1.3094736842105263,0.3536977491961415,0.4631578947368421,,
1,0.0,2,0.0,0,19,1,0,1159,2719,1061,0,2.5626767200754004,0.4262596542846635,1.0923656927426955,,
1,0.36,5,0.0,0,71,0,0,8,216,305,0,0.7081967213114754,0.037037037037037035,0.02622950819672131,,
1,0.22,2,0.0,0,133,0,0,396,881,375,0,2.3493333333333335,0.44948921679909193,1.056,,
1,0.08,2,0.0,0,150,1,0,38,870,72,0,12.083333333333334,0.04367816091954023,0.5277777777777778,,
1,0.0,2,0.0,0,43,0,1,1,265,371,0,0.7142857142857143,0.0037735849056603774,0.0026954177897574125,,
1,0.15,2,0.0,0,37,0,1,2,1204,633,0,1.9020537124802528,0.0016611295681063123,0.00315955766192733,,
1,0.0,1,0.0,0,35,0,1,43,655,1016,0,0.6446850393700787,0.06564885496183206,0.04232283464566929,,
1,0.0,2,0.0,0,87,0,0,131,1662,1065,0,1.56056338028169,0.07882069795427196,0.12300469483568074,,
1,0.14,2,0.0,0,59,0,0,7,14222,7399,0,1.9221516421137992,0.0004921951905498523,0.000946073793755913,,
1,0.0,2,0.0,0,0,0,0,57,483,1216,0,0.3972039473684211,0.11801242236024845,0.046875,,
1,0.0,3,0.0,0,0,0,0,36,1204,2928,0,0.41120218579234974,0.029900332225913623,0.012295081967213115,,
1,0.0,2,0.0,0,9,0,1,91,408,635,0,0.6425196850393701,0.22303921568627452,0.14330708661417324,,
1,0.0,2,0.0,0,12,0,1,8,303,417,0,0.7266187050359713,0.026402640264026403,0.019184652278177457,,
1,0.1,0,0.0,0,0,0,0,11,125,101,0,1.2376237623762376,0.088,0.10891089108910891,,
1,0.09,1,0.0,0,0,0,0,252,229,383,0,0.597911227154047,1.1004366812227073,0.6579634464751958,,
1,0.15,3,0.0,0,95,1,1,15,357,489,0,0.7300613496932515,0.04201680672268908,0.03067484662576687,,
1,0.0,1,0.0,0,0,0,0,74,137,96,0,1.4270833333333333,0.5401459854014599,0.7708333333333334,,
1,0.0,2,0.0,0,46,0,1,83,255,535,0,0.4766355140186916,0.3254901960784314,0.15514018691588785,,
1,0.0,3,0.0,0,123,0,1,126,87,399,0,0.21804511278195488,1.4482758620689655,0.3157894736842105,,
1,0.0,6,0.0,0,117,1,0,663,326946,3,0,108982.0,0.002027857811381696,221.0,,
1,0.0,1,0.0,0,26,0,1,0,114,446,0,0.2556053811659193,0.0,0.0,,
1,0.0,0,0.0,0,0,0,1,10,167,387,0,0.4315245478036176,0.059880239520958084,0.025839793281653745,,
1,0.0,2,0.0,0,58,0,1,8,1247,1196,0,1.0426421404682273,0.006415396952686447,0.006688963210702341,,
1,0.0,1,0.0,0,0,0,0,24,585,1364,0,0.42888563049853373,0.041025641025641026,0.017595307917888565,,
1,0.0,1,0.0,0,30,0,1,65,135,232,0,0.5818965517241379,0.48148148148148145,0.2801724137931034,,
1,0.0,3,0.0,0,62,1,0,64,722,261,0,2.7662835249042144,0.0886426592797784,0.24521072796934865,,
1,0.45,1,0.25,0,137,1,0,664,714,1159,0,0.6160483175150993,0.9299719887955182,0.5729076790336497,548.0,1.8
1,0.0,2,0.0,0,149,1,0,130,39867,4664,0,8.547813036020584,0.00326084230064966,0.027873070325900515,,
0,0.0,0,0.0,0,14,0,1,131,533,1060,0,0.5028301886792453,0.24577861163227016,0.12358490566037736,,
1,0.0,2,0.0,0,19,0,1,917,1158,3932,0,0.2945066124109868,0.7918825561312608,0.2332146490335707,,
1,0.0,10,0.0,0,131,1,0,2,45834,280,0,163.69285714285715,4.3635728934851856e-05,0.007142857142857143,,
1,0.0,2,0.0,0,0,0,0,142,876,529,0,1.6559546313799622,0.16210045662100456,0.2684310018903592,,
1,0.09,5,0.0,0,5,0,0,165,3003,455,0,6.6,0.054945054945054944,0.3626373626373626,,
1,0.09,2,0.0,0,0,0,0,80,1298,407,0,3.189189189189189,0.061633281972265024,0.19656019656019655,,
1,0.0,2,0.0,0,11,0,1,32,3800,278,0,13.66906474820144,0.008421052631578947,0.11510791366906475,,
1,0.0,2,0.0,0,0,0,1,81,1358,127,0,10.692913385826772,0.05964653902798233,0.6377952755905512,,
1,0.0,2,0.0,0,27,1,0,334,6741307,111,0,60732.495495495496,4.954528847299196e-05,3.009009009009009,,
1,0.38,2,0.0,0,10,1,0,8,791,456,0,1.7346491228070176,0.010113780025284451,0.017543859649122806,,
1,0.0,2,0.0,0,72,1,0,373,732075,363,0,2016.7355371900826,0.0005095106375712871,1.0275482093663912,,
1,0.0,2,0.0,0,3,0,1,56,373,360,0,1.0361111111111112,0.15013404825737264,0.15555555555555556,,
1,0.0,3,0.0,0,51,0,1,7,162,311,0,0.5209003215434084,0.043209876543209874,0.022508038585209004,,
1,0.0,1,0.0,0,44,0,1,12,309,364,0,0.8489010989010989,0.038834951456310676,0.03296703296703297,,
1,0.0,2,0.0,0,0,0,0,5,135,176,0,0.7670454545454546,0.037037037037037035,0.028409090909090908,,
1,0.0,2,0.0,0,73,1,0,77,244,172,0,1.4186046511627908,0.3155737704918033,0.4476744186046512,,
1,0.18,1,0.0,0,70,0,1,93,67,149,0,0.44966442953020136,1.3880597014925373,0.6241610738255033,,
1,0.0,2,0.0,0,35,0,0,192,984,76,0,12.947368421052632,0.1951219512195122,2.526315789473684,,
1,0.0,2,0.0,0,13,0,1,8,751,1223,0,0.6140637775960752,0.010652463382157125,0.006541291905151268,,
1,0.0,4,0.25,0,105,0,1,145,781,529,0,1.4763705103969755,0.1856594110115237,0.2741020793950851,420.0,0.0
1,0.0,1,0.33,0,91,0,0,135,1761,905,0,1.9458563535911602,0.07666098807495741,0.14917127071823205,275.75757575757575,0.0
1,0.14,2,0.0,0,0,0,1,18,318,523,0,0.6080305927342257,0.05660377358490566,0.03441682600382409,,
1,0.0,2,0.0,0,48,0,0,222,5282,652,0,8.10122699386503,0.042029534267322984,0.34049079754601225,,
1,0.0,2,0.0,0,48,0,0,222,5282,652,0,8.10122699386503,0.042029534267322984,0.34049079754601225,,
1,0.0,2,0.0,0,126,1,1,5,228,238,0,0.957983193277311,0.021929824561403508,0.02100840336134454,,
1,0.0,2,0.0,0,0,1,1,119,393,502,0,0.7828685258964143,0.30279898218829515,0.23705179282868527,,
1,0.0,2,0.0,0,53,0,0,201,875,754,0,1.160477453580902,0.2297142857142857,0.26657824933687,,
1,0.0,0,0.0,0,8,0,1,12,173,373,0,0.46380697050938335,0.06936416184971098,0.032171581769437,,
1,0.0,1,0.0,0,67,0,0,301,3896490,351,0,11101.111111111111,7.724901128964786e-05,0.8575498575498576,,
1,0.0,1,0.0,0,20,0,0,20,106,133,0,0.7969924812030075,0.18867924528301888,0.15037593984962405,,
1,0.08,2,0.0,0,26,1,0,112,206,32,0,6.4375,0.5436893203883495,3.5,,
1,0.0,0,0.0,0,86,0,1,54,259,1371,0,0.18891320204230488,0.2084942084942085,0.03938730853391685,,
1,0.0,1,0.0,0,51,0,1,98,1013,996,0,1.0170682730923695,0.09674234945705824,0.09839357429718876,,
1,0.11,4,0.0,0,26,1,0,16,738,544,0,1.3566176470588236,0.02168021680216802,0.029411764705882353,,
1,0.0,0,0.0,0,18,0,1,133,1008,517,0,1.9497098646034816,0.13194444444444445,0.2572533849129594,,
1,0.0,2,0.0,0,96,1,0,142,2441,396,0,6.164141414141414,0.058172879967226546,0.35858585858585856,,
1,0.0,2,0.0,0,17,0,0,63,416,292,0,1.4246575342465753,0.15144230769230768,0.21575342465753425,,
1,0.0,2,0.0,0,0,0,1,70,516,463,0,1.1144708423326133,0.13565891472868216,0.1511879049676026,,
1,0.0,2,0.0,0,62,1,0,403,8711,345,0,25.24927536231884,0.046263345195729534,1.1681159420289855,,
1,0.0,2,0.0,0,86,0,0,15,433,584,0,0.7414383561643836,0.03464203233256351,0.025684931506849314,,
1,0.0,2,0.0,0,148,1,0,990,18515,1000,0,18.515,0.05347015933027275,0.99,,
1,0.0,2,0.0,0,1,0,1,12,70,67,0,1.044776119402985,0.17142857142857143,0.1791044776119403,,
1,0.22,3,0.0,0,39,0,0,26,5863,157,0,37.34394904458599,0.004434589800443459,0.16560509554140126,,
1,0.36,2,0.0,0,35,0,0,2,1677,716,0,2.3421787709497206,0.0011926058437686344,0.002793296089385475,,
1,0.0,0,0.0,0,103,0,0,24,617,272,0,2.2683823529411766,0.03889789303079417,0.08823529411764706,,
1,0.0,2,0.0,0,0,1,0,411,31182,414,0,75.31884057971014,0.013180681162208966,0.9927536231884058,,
1,0.0,2,0.0,0,61,0,1,217,1152,292,0,3.9452054794520546,0.18836805555555555,0.7431506849315068,,
1,0.15,1,0.0,0,44,0,0,156,8578,164,0,52.30487804878049,0.018186057356027047,0.9512195121951219,,
1,0.0,1,0.0,0,0,0,0,389,4347,748,0,5.811497326203209,0.0894870025304808,0.5200534759358288,,
1,0.0,1,0.0,0,0,0,1,8,319,335,0,0.9522388059701492,0.025078369905956112,0.023880597014925373,,
1,0.0,1,0.0,0,0,0,1,3,189,177,0,1.0677966101694916,0.015873015873015872,0.01694915254237288,,
1,0.0,1,0.0,0,112,0,1,22,743,331,0,2.2447129909365557,0.029609690444145357,0.06646525679758308,,
1,0.18,1,0.0,0,123,0,0,59,11204,124,0,90.35483870967742,0.005265976436986791,0.47580645161290325,,
1,0.0,3,0.0,0,24,0,1,144,419,271,0,1.5461254612546125,0.3436754176610978,0.5313653136531366,,
1,0.0,2,0.0,0,34,0,0,2,81,268,0,0.30223880597014924,0.024691358024691357,0.007462686567164179,,
1,0.0,1,0.0,0,19,0,0,78,947,582,0,1.627147766323024,0.08236536430834214,0.13402061855670103,,
1,0.0,2,0.0,0,0,0,0,28,206,333,0,0.6186186186186187,0.13592233009708737,0.08408408408408409,,
1,0.0,2,0.0,0,42,0,0,111,541,701,0,0.7717546362339515,0.20517560073937152,0.15834522111269614,,
1,0.18,3,0.0,0,50,0,0,6,392,237,0,1.6540084388185654,0.015306122448979591,0.02531645569620253,,
1,0.22,5,0.0,0,67,0,0,4,4177,3678,0,1.1356715606307777,0.0009576250897773521,0.001087547580206634,,
1,0.17,2,0.0,0,134,1,0,31,265,321,0,0.8255451713395638,0.1169811320754717,0.09657320872274143,,
1,0.0,2,0.0,0,101,0,0,86,272,1486,0,0.18304172274562583,0.3161764705882353,0.05787348586810229,,
1,0.0,2,0.0,0,0,0,0,240,425,917,0,0.46346782988004365,0.5647058823529412,0.2617230098146129,,
1,0.0,3,0.0,0,0,0,1,11,150,178,0,0.8426966292134831,0.07333333333333333,0.06179775280898876,,
1,0.0,2,0.0,0,17,0,1,44,711,673,0,1.0564635958395245,0.06188466947960619,0.06537890044576523,,
1,0.0,2,0.0,0,0,0,1,9,89,121,0,0.7355371900826446,0.10112359550561797,0.0743801652892562,,
1,0.0,2,0.0,0,32,0,1,62,742,653,0,1.1362940275650841,0.08355795148247978,0.09494640122511486,,
1,0.0,2,0.0,0,0,0,0,0,96,50,0,1.92,0.0,0.0,,
1,0.0,1,0.0,1,80,1,1,15,77,107,0,0.719626168224299,0.19480519480519481,0.14018691588785046,,
1,0.0,2,0.0,0,2,0,1,53,195,395,0,0.4936708860759494,0.2717948717948718,0.1341772151898734,,
1,0.0,2,0.0,0,0,0,1,2,9,13,0,0.6923076923076923,0.2222222222222222,0.15384615384615385,,
1,0.0,1,0.0,0,146,1,0,52,10794,3164,0,3.411504424778761,0.004817491198814156,0.01643489254108723,,
1,0.19,0,0.0,0,0,0,0,1,104,15,0,6.933333333333334,0.009615384615384616,0.06666666666666667,,
1,0.0,0,0.0,0,0,1,1,62,318,569,0,0.5588752196836555,0.1949685534591195,0.10896309314586995,,
1,0.18,1,0.0,0,0,0,0,247,355,137,0,2.591240875912409,0.6957746478873239,1.802919708029197,,
1,0.31,1,0.0,0,0,0,1,9,99,488,0,0.2028688524590164,0.09090909090909091,0.018442622950819672,,
1,0.0,0,0.0,0,6,0,0,13,300,372,0,0.8064516129032258,0.043333333333333335,0.03494623655913978,,
1,0.15,1,0.0,0,0,0,0,204,139,61,0,2.278688524590164,1.4676258992805755,3.3442622950819674,,
1,0.0,2,0.0,0,0,0,1,0,13,77,0,0.16883116883116883,0.0,0.0,,
1,0.22,1,0.14,0,0,0,1,51,606,430,0,1.4093023255813955,0.08415841584158416,0.1186046511627907,0.0,1.5714285714285714
1,0.0,1,0.0,0,64,0,0,15,428,333,0,1.2852852852852852,0.035046728971962614,0.04504504504504504,,
1,0.0,1,0.0,0,0,0,0,108,494,545,0,0.9064220183486239,0.21862348178137653,0.1981651376146789,,
1,0.24,0,0.0,0,0,0,1,353,1261,2187,0,0.5765889346136259,0.27993655828707376,0.16140832190214907,,
1,0.0,1,0.0,0,0,0,1,5,68,87,0,0.7816091954022989,0.07352941176470588,0.05747126436781609,,
1,0.0,2,0.0,0,49,1,0,560,205558,53,0,3878.4528301886794,0.0027242919273392425,10.566037735849056,,
1,0.0,2,0.0,0,23,0,0,85,668,609,0,1.09688013136289,0.12724550898203593,0.13957307060755336,,
1,0.0,2,0.0,0,120,1,0,95,1456,555,0,2.6234234234234233,0.06524725274725275,0.17117117117117117,,
1,0.14,2,0.0,0,34,0,0,14,410,387,0,1.0594315245478036,0.03414634146341464,0.03617571059431524,,
1,0.0,3,0.0,0,25,0,1,52,298,555,0,0.5369369369369369,0.174496644295302,0.0936936936936937,,
1,0.0,2,0.0,0,0,0,1,7,254,345,0,0.736231884057971,0.027559055118110236,0.020289855072463767,,
1,0.0,2,0.0,0,12,0,0,197,1070,1072,0,0.9981343283582089,0.18411214953271027,0.1837686567164179,,
1,0.17,2,0.0,0,0,0,1,89,1167,618,0,1.8883495145631068,0.07626392459297343,0.14401294498381878,,
1,0.0,2,0.0,0,9,0,1,34,335,300,0,1.1166666666666667,0.10149253731343283,0.11333333333333333,,
1,0.08,2,0.0,0,1,0,0,283,346,426,0,0.812206572769953,0.8179190751445087,0.6643192488262911,,
1,0.0,2,0.0,0,18,0,1,65,1746,1631,0,1.0705088902513795,0.03722794959908362,0.039852851011649294,,
1,0.0,2,0.0,0,34,0,1,126,268,370,0,0.7243243243243244,0.4701492537313433,0.34054054054054056,,
1,0.0,3,0.0,0,23,0,1,327,537,1002,0,0.5359281437125748,0.6089385474860335,0.3263473053892216,,
1,0.0,1,0.0,0,19,0,1,42,805,488,0,1.6495901639344261,0.05217391304347826,0.0860655737704918,,
1,0.0,2,0.0,0,139,0,0,36,1504,52,0,28.923076923076923,0.023936170212765957,0.6923076923076923,,
1,0.0,2,0.0,0,13,0,1,3,104,119,0,0.8739495798319328,0.028846153846153848,0.025210084033613446,,
1,0.0,2,0.0,0,50,0,0,53,380,462,0,0.8225108225108225,0.1394736842105263,0.11471861471861472,,
1,0.0,3,0.0,0,46,1,1,7,257,346,0,0.7427745664739884,0.027237354085603113,0.02023121387283237,,
1,0.0,1,0.0,0,30,0,1,103,1775,7500,0,0.23666666666666666,0.05802816901408451,0.013733333333333334,,
1,0.3,2,0.0,0,26,0,1,241,1456,1200,0,1.2133333333333334,0.16552197802197802,0.20083333333333334,,
1,0.0,0,0.0,0,0,0,1,103,265,264,0,1.003787878787879,0.3886792452830189,0.39015151515151514,,
1,0.0,1,0.0,0,0,0,1,93,1051,694,0,1.5144092219020173,0.08848715509039011,0.1340057636887608,,
1,0.11,1,0.0,0,0,0,0,1,77,34,0,2.264705882352941,0.012987012987012988,0.029411764705882353,,
0,0.0,1,0.0,0,27,0,1,16,220,323,0,0.6811145510835913,0.07272727272727272,0.04953560371517028,,
1,0.07,2,0.0,0,37,1,1,32,178,81,0,2.197530864197531,0.1797752808988764,0.3950617283950617,,
1,0.0,1,0.0,0,31,0,1,1232,728,1213,0,0.6001648804616653,1.6923076923076923,1.0156636438582027,,
1,0.0,1,0.0,0,20,0,1,75,668,294,0,2.272108843537415,0.1122754491017964,0.25510204081632654,,
1,0.0,2,0.0,0,7,0,0,5,406,408,0,0.9950980392156863,0.012315270935960592,0.012254901960784314,,
1,0.0,2,0.0,0,0,0,0,3,37,22,0,1.6818181818181819,0.08108108108108109,0.13636363636363635,,
1,0.0,2,0.0,0,0,0,1,30,56,114,0,0.49122807017543857,0.5357142857142857,0.2631578947368421,,
0,0.22,1,0.0,0,0,0,0,0,90,333,1,0.2702702702702703,0.0,0.0,,
0,0.38,1,0.0,0,0,0,0,0,60,31,1,1.935483870967742,0.0,0.0,,
0,0.43,1,0.0,0,0,0,1,2,271,445,1,0.6089887640449438,0.007380073800738007,0.0044943820224719105,,
1,0.0,0,0.0,0,0,0,1,3,1,80,1,0.0125,3.0,0.0375,,
1,0.5,3,0.0,0,24,0,1,13,158,309,1,0.511326860841424,0.08227848101265822,0.042071197411003236,,
0,0.31,2,0.0,0,0,0,0,0,39,64,1,0.609375,0.0,0.0,,
0,0.22,1,0.22,0,43,0,1,1,0,11,1,0.0,,0.09090909090909091,195.45454545454547,1.0
0,0.0,1,0.0,0,0,0,1,0,0,853,1,0.0,,0.0,,
1,0.25,1,0.0,0,0,0,1,10,0,23,1,0.0,,0.43478260869565216,,
0,0.0,2,0.0,0,0,0,0,0,12,5,1,2.4,0.0,0.0,,
0,0.33,1,0.0,0,0,0,0,0,10,18,1,0.5555555555555556,0.0,0.0,,
0,0.33,1,0.0,0,0,0,1,0,1,34,1,0.029411764705882353,0.0,0.0,,
0,0.0,1,0.0,0,0,0,0,0,1,8,1,0.125,0.0,0.0,,
0,0.0,0,0.0,0,0,0,1,0,0,0,1,,,,,
0,0.12,1,0.0,0,0,0,1,0,31,213,1,0.14553990610328638,0.0,0.0,,
0,0.18,1,0.0,0,0,0,1,0,5,10,1,0.5,0.0,0.0,,
0,0.5,1,0.0,0,0,0,1,5,18,58,1,0.3103448275862069,0.2777777777777778,0.08620689655172414,,
1,0.5,1,0.0,0,0,0,1,0,12,77,1,0.15584415584415584,0.0,0.0,,
0,0.5,1,0.0,0,0,0,1,0,6,37,1,0.16216216216216217,0.0,0.0,,
1,0.57,1,0.0,0,0,0,0,0,47,10,1,4.7,0.0,0.0,,
0,0.45,3,0.0,0,0,0,0,0,33,4,1,8.25,0.0,0.0,,
0,0.5,1,0.0,0,0,0,1,141,4,279,1,0.014336917562724014,35.25,0.5053763440860215,,
0,0.57,1,0.0,0,0,0,1,6,5,15,1,0.3333333333333333,1.2,0.4,,
1,0.0,1,0.0,0,0,0,1,1,0,44,1,0.0,,0.022727272727272728,,
0,0.44,1,0.43,0,0,0,1,0,5,17,1,0.29411764705882354,0.0,0.0,0.0,1.0232558139534884
0,0.0,1,0.0,0,0,0,1,1,107,42,1,2.5476190476190474,0.009345794392523364,0.023809523809523808,,
1,0.88,1,0.0,0,0,0,1,39,8,60,1,0.13333333333333333,4.875,0.65,,
0,0.0,1,0.0,0,0,0,0,0,48,6,1,8.0,0.0,0.0,,
0,0.22,0,0.0,0,0,0,1,9,2,215,1,0.009302325581395349,4.5,0.04186046511627907,,
0,0.0,2,0.0,0,0,0,1,0,51,126,1,0.40476190476190477,0.0,0.0,,
1,0.0,1,0.0,0,43,0,1,21,5,48,1,0.10416666666666667,4.2,0.4375,,
0,0.0,1,0.0,0,0,0,1,0,0,802,1,0.0,,0.0,,
0,0.55,1,0.0,0,0,0,0,0,26,46,1,0.5652173913043478,0.0,0.0,,
0,0.07,1,0.0,0,0,0,1,0,0,601,1,0.0,,0.0,,
1,0.8,1,0.0,0,13,0,1,3,76,168,1,0.4523809523809524,0.039473684210526314,0.017857142857142856,,
0,0.0,1,0.4,0,0,0,1,0,165,689,1,0.23947750362844702,0.0,0.0,0.0,0.0
0,0.0,1,0.0,0,0,0,0,0,115,230,1,0.5,0.0,0.0,,
0,0.31,1,0.36,0,0,0,0,0,6,15,1,0.4,0.0,0.0,0.0,0.8611111111111112
0,0.4,1,0.0,0,0,0,0,0,24,49,1,0.4897959183673469,0.0,0.0,,
0,0.33,1,0.0,0,0,0,1,0,40,236,1,0.1694915254237288,0.0,0.0,,
0,0.0,1,0.0,0,0,0,1,6,32,52,1,0.6153846153846154,0.1875,0.11538461538461539,,
0,0.33,1,0.33,1,0,0,1,0,0,35,1,0.0,,0.0,0.0,1.0
0,0.36,1,0.0,0,0,0,0,0,21,44,1,0.4772727272727273,0.0,0.0,,
1,0.55,1,0.29,0,0,0,1,1,79,767,1,0.10299869621903521,0.012658227848101266,0.001303780964797914,0.0,1.8965517241379313
1,0.41,1,0.0,0,0,0,1,4,8,37,1,0.21621621621621623,0.5,0.10810810810810811,,
1,0.43,0,0.0,0,0,0,0,0,49,79,1,0.620253164556962,0.0,0.0,,
0,0.11,1,0.11,1,0,0,1,0,31,91,1,0.34065934065934067,0.0,0.0,0.0,1.0
1,0.0,1,0.0,1,0,0,1,0,15,41,1,0.36585365853658536,0.0,0.0,,
1,0.25,1,0.0,0,0,0,0,0,4,3,1,1.3333333333333333,0.0,0.0,,
1,0.44,1,0.0,0,0,0,1,0,0,229,1,0.0,,0.0,,
1,0.3,0,0.0,0,0,0,1,17,316,1165,1,0.271244635193133,0.05379746835443038,0.014592274678111588,,
0,0.1,1,0.0,0,0,0,1,0,0,0,1,,,,,
0,0.0,1,0.0,0,0,0,0,1,3,1,1,3.0,0.3333333333333333,1.0,,
0,0.0,2,0.0,0,0,0,0,0,2,30,1,0.06666666666666667,0.0,0.0,,
1,0.29,2,0.0,0,9,0,1,7,221,244,1,0.9057377049180327,0.03167420814479638,0.028688524590163935,,
0,0.0,1,0.0,0,0,0,0,13,181,935,1,0.19358288770053475,0.0718232044198895,0.013903743315508022,,
0,0.0,2,0.0,0,0,0,1,0,9,167,1,0.05389221556886228,0.0,0.0,,
0,0.67,1,0.0,0,0,0,0,0,2,0,1,,0.0,,,
1,0.31,1,0.31,1,0,0,1,0,25,86,1,0.29069767441860467,0.0,0.0,0.0,1.0
1,0.0,3,0.0,0,18,0,0,5,26,129,1,0.20155038759689922,0.19230769230769232,0.03875968992248062,,
1,0.89,1,0.89,0,0,0,1,124,15,305,1,0.04918032786885246,8.266666666666667,0.4065573770491803,0.0,1.0
1,0.0,1,0.0,0,10,0,0,9,59,48,1,1.2291666666666667,0.15254237288135594,0.1875,,
0,0.2,1,0.2,1,61,0,1,5,7,47,1,0.14893617021276595,0.7142857142857143,0.10638297872340426,305.0,1.0
0,0.12,1,0.0,0,0,0,1,2,40,179,1,0.22346368715083798,0.05,0.0111731843575419,,
0,0.0,1,0.0,0,0,0,0,0,51,41,1,1.2439024390243902,0.0,0.0,,
1,0.0,5,0.0,0,0,0,0,150,133,750,1,0.17733333333333334,1.1278195488721805,0.2,,
1,0.0,0,0.0,0,0,0,1,29,25,39,1,0.6410256410256411,1.16,0.7435897435897436,,
1,0.18,1,0.0,0,0,0,1,108,864,3646,1,0.2369720241360395,0.125,0.029621503017004936,,
1,0.0,0,0.0,0,0,0,0,77,73,35,1,2.085714285714286,1.0547945205479452,2.2,,
1,0.38,1,0.4,0,0,0,1,3,184,170,1,1.0823529411764705,0.016304347826086956,0.01764705882352941,0.0,0.95
1,0.43,1,0.0,0,0,0,1,7,161,333,1,0.48348348348348347,0.043478260869565216,0.021021021021021023,,
1,0.22,1,0.22,1,0,0,1,3,42,694,1,0.06051873198847262,0.07142857142857142,0.004322766570605188,0.0,1.0
1,0.0,1,0.0,0,22,0,1,131,279,1124,1,0.24822064056939502,0.46953405017921146,0.11654804270462633,,
1,0.0,1,0.0,0,0,0,0,40,219,155,1,1.4129032258064516,0.182648401826484,0.25806451612903225,,
1,0.24,1,0.24,1,0,0,1,4,18,106,1,0.16981132075471697,0.2222222222222222,0.03773584905660377,0.0,1.0
1,0.44,1,0.0,0,0,0,1,84,106,171,1,0.6198830409356725,0.7924528301886793,0.49122807017543857,,
1,0.5,0,0.0,0,2,0,1,299,34,108,1,0.3148148148148148,8.794117647058824,2.7685185185185186,,
0,0.0,1,0.0,0,0,0,0,11,42,26,1,1.6153846153846154,0.2619047619047619,0.4230769230769231,,
1,0.16,0,0.0,0,146,0,1,0,1,13,1,0.07692307692307693,0.0,0.0,,
0,0.89,0,0.0,0,0,0,1,0,38,68,1,0.5588235294117647,0.0,0.0,,
1,0.58,1,0.36,0,6,0,1,1,34,44,1,0.7727272727272727,0.029411764705882353,0.022727272727272728,16.666666666666668,1.6111111111111112
1,0.29,1,0.0,0,50,0,1,4,23,151,1,0.152317880794702,0.17391304347826086,0.026490066225165563,,
1,0.3,1,0.0,0,0,0,1,0,23,37,1,0.6216216216216216,0.0,0.0,,
0,0.5,2,0.0,0,0,0,0,0,83,139,1,0.5971223021582733,0.0,0.0,,
0,0.4,1,0.0,0,0,0,0,0,25,28,1,0.8928571428571429,0.0,0.0,,
1,0.0,0,0.0,0,39,0,1,3,13,38,1,0.34210526315789475,0.23076923076923078,0.07894736842105263,,
0,0.25,1,0.0,0,0,0,0,0,64,60,1,1.0666666666666667,0.0,0.0,,
0,0.36,1,0.0,0,0,0,0,0,90,69,1,1.3043478260869565,0.0,0.0,,
0,0.33,2,0.0,0,0,0,0,0,82,6,1,13.666666666666666,0.0,0.0,,
0,0.0,0,0.0,0,0,0,0,0,140,319,1,0.438871473354232,0.0,0.0,,
0,0.36,1,0.0,0,0,0,1,0,0,29,1,0.0,,0.0,,
1,0.3,1,0.0,0,5,0,1,1,51,420,1,0.12142857142857143,0.0196078431372549,0.002380952380952381,,
1,0.12,1,0.0,0,91,0,0,7,38,87,1,0.4367816091954023,0.18421052631578946,0.08045977011494253,,
0,0.33,1,0.38,0,2,0,1,3,21,733,1,0.0286493860845839,0.14285714285714285,0.004092769440654843,5.2631578947368425,0.868421052631579
1,0.38,1,0.0,0,0,0,1,0,5,121,1,0.04132231404958678,0.0,0.0,,
1,0.4,1,0.0,0,0,0,1,0,21,45,1,0.4666666666666667,0.0,0.0,,
0,0.57,0,0.0,0,0,0,1,5,124,249,1,0.4979919678714859,0.04032258064516129,0.020080321285140562,,
0,0.22,1,0.0,0,0,0,1,0,5,56,1,0.08928571428571429,0.0,0.0,,
1,0.38,1,0.0,0,37,0,1,1,2,16,1,0.125,0.5,0.0625,,
0,0.64,2,0.0,0,0,0,0,0,42,46,1,0.9130434782608695,0.0,0.0,,
1,0.33,1,0.33,0,0,0,1,12,48,45,1,1.0666666666666667,0.25,0.26666666666666666,0.0,1.0
0,0.31,1,0.31,1,0,0,0,0,32,25,1,1.28,0.0,0.0,0.0,1.0
0,0.0,1,0.0,0,0,0,1,0,0,71,1,0.0,,0.0,,
0,0.25,1,0.0,0,0,0,0,0,0,0,1,,,,,
1,0.12,1,0.0,0,0,0,1,1,10,104,1,0.09615384615384616,0.1,0.009615384615384616,,
1,0.38,1,0.0,0,0,0,1,92,19,31,1,0.6129032258064516,4.842105263157895,2.967741935483871,,
0,0.31,1,0.0,0,0,0,1,0,138,99,1,1.393939393939394,0.0,0.0,,
0,0.2,0,0.0,0,0,0,1,0,11,157,1,0.07006369426751592,0.0,0.0,,
0,0.0,1,0.0,0,0,0,1,0,1,64,1,0.015625,0.0,0.0,,
0,0.42,1,0.0,0,0,0,0,0,39,40,1,0.975,0.0,0.0,,
1,0.0,0,0.0,0,148,0,0,21,446,1762,1,0.25312145289443816,0.04708520179372197,0.01191827468785471,,
1,0.57,1,0.0,0,0,0,1,7,9,82,1,0.10975609756097561,0.7777777777777778,0.08536585365853659,,
0,0.0,0,0.0,0,0,0,0,9,589,2980,1,0.1976510067114094,0.015280135823429542,0.0030201342281879194,,
0,0.06,1,0.0,0,0,0,0,0,27,63,1,0.42857142857142855,0.0,0.0,,
1,0.0,2,0.0,0,0,0,0,14,143,500,1,0.286,0.0979020979020979,0.028,,
0,0.0,2,0.0,0,0,0,1,0,0,177,1,0.0,,0.0,,
0,0.0,3,0.0,0,0,0,1,0,0,130,1,0.0,,0.0,,
0,0.21,1,0.0,0,0,0,0,3,124,135,1,0.9185185185185185,0.024193548387096774,0.022222222222222223,,
1,0.07,0,0.0,0,0,0,1,0,12,192,1,0.0625,0.0,0.0,,
0,0.42,1,0.0,0,0,0,0,0,16,36,1,0.4444444444444444,0.0,0.0,,
0,0.21,1,0.0,0,0,0,0,1,1,2,1,0.5,1.0,0.5,,
0,0.38,1,0.0,0,0,0,0,1,120,181,1,0.6629834254143646,0.008333333333333333,0.0055248618784530384,,
0,0.0,2,0.0,0,0,0,1,0,0,71,1,0.0,,0.0,,
0,0.0,1,0.0,0,0,0,0,1,26,8,1,3.25,0.038461538461538464,0.125,,
1,0.14,3,0.0,0,0,0,0,0,57,167,1,0.3413173652694611,0.0,0.0,,
0,0.15,2,0.0,0,0,0,0,1,13,22,1,0.5909090909090909,0.07692307692307693,0.045454545454545456,,
1,0.0,4,0.0,0,149,0,0,28,1031,208,1,4.956730769230769,0.027158098933074686,0.1346153846153846,,
1,0.18,1,0.0,0,0,0,0,0,42,146,1,0.2876712328767123,0.0,0.0,,
1,0.33,2,0.0,0,0,0,0,25,70,64,1,1.09375,0.35714285714285715,0.390625,,
1,0.18,1,0.0,0,0,0,1,0,0,8,1,0.0,,0.0,,
1,0.3,1,0.0,0,0,0,0,0,46,92,1,0.5,0.0,0.0,,
1,0.43,2,0.0,0,0,0,0,111,834,4118,1,0.20252549781447304,0.13309352517985612,0.026954832442933462,,
0,0.0,2,0.0,0,22,0,1,2,389,392,1,0.9923469387755102,0.005141388174807198,0.00510204081632653,,
1,0.33,0,0.0,0,0,0,0,0,43,221,1,0.19457013574660634,0.0,0.0,,
0,0.33,1,0.0,0,0,0,1,0,23,40,1,0.575,0.0,0.0,,
0,0.0,1,0.0,0,0,0,1,0,5,82,1,0.06097560975609756,0.0,0.0,,
0,0.71,0,0.0,0,0,0,1,0,4,25,1,0.16,0.0,0.0,,
0,0.5,1,0.0,0,0,0,0,0,17,44,1,0.38636363636363635,0.0,0.0,,
1,0.25,1,0.0,0,2,0,1,5,182,227,1,0.801762114537445,0.027472527472527472,0.022026431718061675,,
1,0.33,1,0.0,0,0,0,0,10,108,304,1,0.35526315789473684,0.09259259259259259,0.03289473684210526,,
0,0.5,1,0.33,0,0,0,0,3,43,123,1,0.34959349593495936,0.06976744186046512,0.024390243902439025,0.0,1.5151515151515151
0,0.29,1,0.0,0,0,0,0,19,77,8,1,9.625,0.24675324675324675,2.375,,
0,0.09,1,0.0,0,0,0,0,0,32,87,1,0.367816091954023,0.0,0.0,,
0,0.25,1,0.0,0,0,0,1,0,0,11,1,0.0,,0.0,,
1,0.13,1,0.0,0,0,0,1,8,40,66,1,0.6060606060606061,0.2,0.12121212121212122,,
0,0.33,1,0.33,1,20,0,0,2,53,303,1,0.17491749174917492,0.03773584905660377,0.006600660066006601,60.6060606060606,1.0
1,0.14,2,0.0,0,0,0,0,10,67,90,1,0.7444444444444445,0.14925373134328357,0.1111111111111111,,
1,0.0,3,0.0,0,0,0,0,29,122,336,1,0.3630952380952381,0.23770491803278687,0.08630952380952381,,
0,0.0,2,0.0,0,0,0,0,0,18,49,1,0.3673469387755102,0.0,0.0,,
0,0.4,1,0.0,0,0,0,1,0,24,88,1,0.2727272727272727,0.0,0.0,,
1,0.0,1,0.0,0,0,0,0,2,35,136,1,0.25735294117647056,0.05714285714285714,0.014705882352941176,,
1,0.4,1,0.4,1,0,0,1,3,119,151,1,0.7880794701986755,0.025210084033613446,0.019867549668874173,0.0,1.0
1,0.1,1,0.0,0,0,0,1,5,6,24,1,0.25,0.8333333333333334,0.20833333333333334,,
0,0.43,1,0.4,0,0,0,0,0,34,26,1,1.3076923076923077,0.0,0.0,0.0,1.075
1,0.0,3,0.0,0,148,0,0,63,272,295,1,0.9220338983050848,0.23161764705882354,0.2135593220338983,,
1,0.44,2,0.0,0,0,0,0,1,53,137,1,0.38686131386861317,0.018867924528301886,0.0072992700729927005,,
1,0.33,0,0.0,0,50,0,1,4,818,618,1,1.3236245954692556,0.004889975550122249,0.006472491909385114,,
1,0.0,3,0.0,0,0,0,0,34,82,74,1,1.1081081081081081,0.4146341463414634,0.4594594594594595,,
1,0.38,2,0.0,0,2,0,0,0,40,233,1,0.17167381974248927,0.0,0.0,,
1,0.4,0,0.0,0,0,0,1,0,21,76,1,0.27631578947368424,0.0,0.0,,
1,0.33,1,0.0,0,0,0,0,6,59,38,1,1.5526315789473684,0.1016949152542373,0.15789473684210525,,
1,0.12,1,0.0,0,0,0,0,2,102,109,1,0.9357798165137615,0.0196078431372549,0.01834862385321101,,
1,0.29,0,0.0,0,0,0,1,7,576,474,1,1.2151898734177216,0.012152777777777778,0.014767932489451477,,
0,0.57,2,0.4,0,0,0,0,0,19,16,1,1.1875,0.0,0.0,0.0,1.4249999999999998
1,0.0,0,0.0,0,0,0,1,0,66,161,1,0.40993788819875776,0.0,0.0,,
1,0.0,1,0.0,0,0,0,1,5,310,894,1,0.34675615212527966,0.016129032258064516,0.005592841163310962,,
1,0.0,1,0.0,1,34,0,1,0,16,17,1,0.9411764705882353,0.0,0.0,,
0,0.0,1,0.0,0,0,0,0,0,15,4,1,3.75,0.0,0.0,,
1,0.07,1,0.0,0,0,0,1,0,47,98,1,0.47959183673469385,0.0,0.0,,
1,0.0,1,0.0,1,0,0,0,4,88,61,1,1.4426229508196722,0.045454545454545456,0.06557377049180328,,
1,0.27,1,0.0,0,0,0,1,1,51,59,1,0.864406779661017,0.0196078431372549,0.01694915254237288,,
1,0.0,2,0.0,0,0,0,0,26,505,2330,1,0.2167381974248927,0.05148514851485148,0.011158798283261802,,
1,0.36,1,0.0,0,0,0,0,9,159,433,1,0.3672055427251732,0.05660377358490566,0.020785219399538105,,
1,0.29,1,0.33,0,0,0,1,4,77,1269,1,0.06067769897557131,0.05194805194805195,0.0031520882584712374,0.0,0.8787878787878787
1,0.83,1,0.0,0,32,0,0,4,61,76,1,0.8026315789473685,0.06557377049180328,0.05263157894736842,,
0,0.67,1,0.0,0,0,0,1,0,7,14,1,0.5,0.0,0.0,,
1,0.38,1,0.33,0,0,0,1,0,11,60,1,0.18333333333333332,0.0,0.0,0.0,1.1515151515151514
0,0.58,1,0.0,0,0,0,0,0,49,22,1,2.227272727272727,0.0,0.0,,
0,0.0,1,0.0,0,0,0,0,0,15,595,1,0.025210084033613446,0.0,0.0,,
1,0.2,2,0.0,0,0,0,0,1,1,9,1,0.1111111111111111,1.0,0.1111111111111111,,
0,0.0,1,0.0,0,0,0,0,0,17,1,1,17.0,0.0,0.0,,
0,0.29,2,0.0,0,0,0,0,0,15,1,1,15.0,0.0,0.0,,
1,0.25,1,0.0,0,59,0,0,28,358,1990,1,0.1798994974874372,0.0782122905027933,0.01407035175879397,,
0,0.25,1,0.0,0,0,0,0,0,20,7,1,2.857142857142857,0.0,0.0,,
0,0.0,1,0.0,0,6,0,0,1,50,32,1,1.5625,0.02,0.03125,,
0,0.0,1,0.0,0,0,0,0,0,57,76,1,0.75,0.0,0.0,,
0,0.31,1,0.0,0,0,0,0,2,12,15,1,0.8,0.16666666666666666,0.13333333333333333,,
1,0.67,1,0.0,0,0,0,0,2,218,792,1,0.27525252525252525,0.009174311926605505,0.0025252525252525255,,
0,0.33,1,0.25,0,0,0,0,9,78,98,1,0.7959183673469388,0.11538461538461539,0.09183673469387756,0.0,1.32
0,0.47,1,0.0,0,0,0,0,1,16,23,1,0.6956521739130435,0.0625,0.043478260869565216,,
0,0.36,1,0.0,0,0,0,0,8,39,17,1,2.2941176470588234,0.20512820512820512,0.47058823529411764,,
0,0.0,1,0.0,0,0,0,0,0,15,1,1,15.0,0.0,0.0,,
0,0.4,0,0.0,0,0,0,0,0,30,48,1,0.625,0.0,0.0,,
0,0.33,1,0.0,0,0,0,0,0,85,638,1,0.13322884012539185,0.0,0.0,,
0,0.33,1,0.0,0,0,0,0,0,77,747,1,0.10307898259705489,0.0,0.0,,
0,0.55,2,0.0,0,0,0,0,0,49,82,1,0.5975609756097561,0.0,0.0,,
0,0.27,1,0.27,1,0,0,0,0,16,24,1,0.6666666666666666,0.0,0.0,0.0,1.0
0,0.44,1,0.0,0,0,0,0,0,8,6,1,1.3333333333333333,0.0,0.0,,
0,0.44,1,0.0,0,0,0,0,2,34,22,1,1.5454545454545454,0.058823529411764705,0.09090909090909091,,
0,0.47,1,0.0,0,0,0,0,2,45,83,1,0.5421686746987951,0.044444444444444446,0.024096385542168676,,
0,0.33,1,0.0,0,0,0,0,0,49,0,1,,0.0,,,
0,0.0,2,0.0,0,0,0,0,0,15,5,1,3.0,0.0,0.0,,
0,0.25,1,0.0,0,0,0,0,0,92,403,1,0.228287841191067,0.0,0.0,,
1,0.91,1,0.0,0,0,0,0,0,75,26,1,2.8846153846153846,0.0,0.0,,
0,0.44,1,0.0,0,0,0,0,0,10,0,1,,0.0,,,
1,0.12,1,0.0,0,1,0,0,0,23,26,1,0.8846153846153846,0.0,0.0,,
0,0.2,1,0.0,0,0,0,0,0,22,11,1,2.0,0.0,0.0,,
0,0.24,2,0.0,0,0,0,0,0,55,46,1,1.1956521739130435,0.0,0.0,,
0,0.27,1,0.0,0,0,0,0,0,16,0,1,,0.0,,,
0,0.25,1,0.0,0,0,0,0,0,7,20,1,0.35,0.0,0.0,,
0,0.28,1,0.24,0,0,0,0,0,86,0,1,,0.0,,0.0,1.1666666666666667
0,0.38,1,0.0,0,0,0,0,0,3,11,1,0.2727272727272727,0.0,0.0,,
0,0.57,2,0.0,0,0,0,0,0,12,30,1,0.4,0.0,0.0,,
1,0.44,1,0.0,0,0,0,0,1,14,56,1,0.25,0.07142857142857142,0.017857142857142856,,
0,0.47,1,0.0,0,0,0,0,0,24,22,1,1.0909090909090908,0.0,0.0,,
0,0.0,2,0.0,0,0,0,0,0,52,1,1,52.0,0.0,0.0,,
0,0.44,1,0.0,0,0,0,0,1,16,27,1,0.5925925925925926,0.0625,0.037037037037037035,,
0,0.44,1,0.0,0,0,0,0,4,17,20,1,0.85,0.23529411764705882,0.2,,
0,0.57,2,0.0,0,0,0,0,0,50,49,1,1.0204081632653061,0.0,0.0,,
0,0.54,1,0.0,0,0,0,0,5,136,1029,1,0.13216715257531583,0.03676470588235294,0.004859086491739553,,
1,0.43,1,0.0,0,0,0,0,10,178,1417,1,0.12561750176429076,0.056179775280898875,0.007057163020465773,,
0,0.89,0,0.0,0,0,0,0,1,50,39,1,1.2820512820512822,0.02,0.02564102564102564,,
1,0.38,1,0.0,0,0,0,0,2,207,2426,1,0.08532563891178896,0.00966183574879227,0.0008244023083264633,,
0,0.36,1,0.0,0,0,0,1,0,178,828,1,0.21497584541062803,0.0,0.0,,
0,0.0,1,0.0,1,0,0,0,0,16,26,1,0.6153846153846154,0.0,0.0,,
0,0.14,1,0.0,0,0,0,0,0,49,2,1,24.5,0.0,0.0,,
0,0.2,1,0.33,0,0,0,0,2,49,12,1,4.083333333333333,0.04081632653061224,0.16666666666666666,0.0,0.6060606060606061
0,0.1,0,0.0,0,0,0,0,0,37,4,1,9.25,0.0,0.0,,
0,0.5,1,0.4,0,0,0,0,0,21,0,1,,0.0,,0.0,1.25
1,0.58,1,0.44,0,0,0,0,21,356,2176,1,0.1636029411764706,0.05898876404494382,0.009650735294117647,0.0,1.3181818181818181
0,0.44,2,0.0,0,0,0,0,0,46,4,1,11.5,0.0,0.0,,
0,0.22,1,0.33,0,0,0,0,0,49,0,1,,0.0,,0.0,0.6666666666666666
0,0.0,1,0.0,0,0,0,0,0,49,58,1,0.8448275862068966,0.0,0.0,,
0,0.0,1,0.0,0,0,0,0,0,44,45,1,0.9777777777777777,0.0,0.0,,
0,0.13,2,0.0,0,0,0,0,0,42,240,1,0.175,0.0,0.0,,
0,0.38,1,0.33,0,0,0,0,0,47,9,1,5.222222222222222,0.0,0.0,0.0,1.1515151515151514
0,0.1,2,0.0,0,0,0,0,0,48,1,1,48.0,0.0,0.0,,
1,0.91,1,0.0,0,0,0,0,0,75,26,1,2.8846153846153846,0.0,0.0,,
0,0.08,1,0.0,0,0,0,0,0,115,289,1,0.39792387543252594,0.0,0.0,,
0,0.88,1,1.0,0,0,0,0,5,53,66,1,0.803030303030303,0.09433962264150944,0.07575757575757576,0.0,0.88
0,0.67,1,0.0,0,0,0,0,0,32,23,1,1.391304347826087,0.0,0.0,,
0,0.44,1,0.0,0,0,0,0,0,39,153,1,0.2549019607843137,0.0,0.0,,
0,0.18,1,0.0,0,0,0,0,0,3033,1155,1,2.625974025974026,0.0,0.0,,
0,0.25,1,0.0,0,0,0,0,0,3003,825,1,3.64,0.0,0.0,,
0,0.88,1,1.0,0,0,0,0,1,34,36,1,0.9444444444444444,0.029411764705882353,0.027777777777777776,0.0,0.88
0,0.36,1,0.0,0,0,0,0,37,218,1528,1,0.14267015706806283,0.16972477064220184,0.024214659685863876,,
1,0.33,2,0.22,0,0,0,0,8,210,1543,1,0.13609850939727802,0.0380952380952381,0.005184705119896306,0.0,1.5
1,0.2,2,0.0,0,19,0,0,4,1489,3715,1,0.4008075370121131,0.002686366689053056,0.0010767160161507402,,
0,0.5,1,0.5,1,0,0,0,0,10,2,1,5.0,0.0,0.0,0.0,1.0
0,0.33,1,0.0,0,0,0,0,28,201,812,1,0.24753694581280788,0.13930348258706468,0.034482758620689655,,
0,0.0,2,0.0,0,0,0,0,0,351,2663,1,0.13180623357116034,0.0,0.0,,
0,0.43,1,0.0,0,0,0,0,0,52,16,1,3.25,0.0,0.0,,
0,0.25,1,0.18,0,0,0,0,6,156,423,1,0.36879432624113473,0.038461538461538464,0.014184397163120567,0.0,1.3888888888888888
0,0.43,2,0.0,0,0,0,0,12,85,477,1,0.17819706498951782,0.1411764705882353,0.025157232704402517,,
0,0.24,1,0.0,0,0,0,0,0,35,38,1,0.9210526315789473,0.0,0.0,,
0,0.44,1,0.0,0,0,0,0,0,55,28,1,1.9642857142857142,0.0,0.0,,
0,0.27,2,0.0,0,43,0,1,0,16,51,1,0.3137254901960784,0.0,0.0,,
0,0.38,1,0.0,0,0,0,0,0,43,88,1,0.48863636363636365,0.0,0.0,,
0,0.4,1,0.0,0,0,0,0,2,97,408,1,0.23774509803921567,0.020618556701030927,0.004901960784313725,,
0,0.57,1,0.57,1,0,0,0,2,34,112,1,0.30357142857142855,0.058823529411764705,0.017857142857142856,0.0,1.0
0,0.0,1,0.0,1,0,0,0,0,2346,7272,1,0.3226072607260726,0.0,0.0,,
0,0.25,1,0.0,0,0,0,0,0,49,95,1,0.5157894736842106,0.0,0.0,,
1,0.19,0,0.0,0,0,0,1,2,2,55,1,0.03636363636363636,1.0,0.03636363636363636,,
0,0.46,1,0.46,1,0,0,0,2,40,19,1,2.1052631578947367,0.05,0.10526315789473684,0.0,1.0
0,0.46,1,0.0,0,0,0,1,0,332,1333,1,0.2490622655663916,0.0,0.0,,
0,0.73,1,0.0,0,0,0,0,0,14,542,1,0.025830258302583026,0.0,0.0,,
1,0.6,1,0.5,0,0,0,0,12,65,162,1,0.4012345679012346,0.18461538461538463,0.07407407407407407,0.0,1.2
1,0.46,1,0.5,0,0,0,0,1,20,52,1,0.38461538461538464,0.05,0.019230769230769232,0.0,0.92
0,0.31,1,0.31,1,0,0,0,0,26,27,1,0.9629629629629629,0.0,0.0,0.0,1.0
1,0.43,1,0.43,0,0,0,0,0,72,434,1,0.16589861751152074,0.0,0.0,0.0,1.0
1,0.0,1,0.0,0,0,0,0,1,55,2,1,27.5,0.01818181818181818,0.5,,
1,0.5,1,0.4,0,33,0,0,12,77,108,1,0.7129629629629629,0.15584415584415584,0.1111111111111111,82.5,1.25
1,0.0,4,0.25,0,0,0,1,59,31,215,1,0.14418604651162792,1.903225806451613,0.2744186046511628,0.0,0.0
0,0.86,2,0.18,0,0,0,0,0,57,130,1,0.43846153846153846,0.0,0.0,0.0,4.777777777777778
0,0.62,1,0.0,0,0,0,1,0,58,347,1,0.16714697406340057,0.0,0.0,,
1,0.33,2,0.0,0,0,0,0,23,47,139,1,0.3381294964028777,0.48936170212765956,0.16546762589928057,,
1,0.16,1,0.12,0,43,0,0,3,31,37,1,0.8378378378378378,0.0967741935483871,0.08108108108108109,358.33333333333337,1.3333333333333335
1,0.92,1,1.0,0,0,0,0,11,96,242,1,0.39669421487603307,0.11458333333333333,0.045454545454545456,0.0,0.92
1,0.27,1,0.0,0,19,0,0,8,126,860,1,0.14651162790697675,0.06349206349206349,0.009302325581395349,,
1,0.25,1,0.0,0,0,0,1,102,39,229,1,0.1703056768558952,2.6153846153846154,0.44541484716157204,,
1,0.43,1,0.0,0,5,0,0,6,66,161,1,0.40993788819875776,0.09090909090909091,0.037267080745341616,,
1,0.31,3,0.0,0,0,0,0,25,87,698,1,0.12464183381088825,0.28735632183908044,0.03581661891117478,,
1,0.2,1,0.0,0,28,0,0,0,15,64,1,0.234375,0.0,0.0,,
1,0.55,1,0.44,0,0,0,0,33,166,596,1,0.2785234899328859,0.19879518072289157,0.05536912751677853,0.0,1.25
1,0.38,1,0.33,0,21,0,0,44,66,75,1,0.88,0.6666666666666666,0.5866666666666667,63.63636363636363,1.1515151515151514
1,0.57,2,0.0,0,0,0,0,4,96,339,1,0.2831858407079646,0.041666666666666664,0.011799410029498525,,
1,0.57,1,0.0,0,11,0,0,0,57,73,1,0.7808219178082192,0.0,0.0,,
1,0.0,5,0.0,0,64,0,1,3,35,6,0,5.833333333333333,0.08571428571428572,0.5,,
1,0.0,2,0.0,0,82,0,1,319,328,668,0,0.49101796407185627,0.9725609756097561,0.47754491017964074,,
1,0.0,1,0.0,0,143,0,1,273,14890,7369,0,2.020626950739585,0.018334452652787107,0.0370470891572805,,
1,0.5,1,0.0,0,76,0,1,6,225,356,0,0.6320224719101124,0.02666666666666667,0.016853932584269662,,
1,0.0,1,0.0,0,0,0,1,6,362,424,0,0.8537735849056604,0.016574585635359115,0.014150943396226415,,
1,0.0,1,0.0,0,132,0,1,9,213,254,0,0.8385826771653543,0.04225352112676056,0.03543307086614173,,
1,0.0,2,0.0,0,0,0,1,19,552,521,0,1.0595009596928984,0.034420289855072464,0.036468330134357005,,
1,0.0,2,0.0,0,96,0,1,17,122,143,0,0.8531468531468531,0.13934426229508196,0.11888111888111888,,
1,0.0,1,0.0,0,78,0,1,9,834,358,0,2.329608938547486,0.01079136690647482,0.025139664804469275,,
1,0.0,1,0.0,0,0,0,1,53,229,492,0,0.4654471544715447,0.2314410480349345,0.10772357723577236,,
1,0.14,1,0.0,0,78,1,1,97,1913,436,0,4.387614678899083,0.05070569785676947,0.22247706422018348,,
1,0.14,2,0.0,0,61,0,1,17,200,437,0,0.4576659038901602,0.085,0.038901601830663615,,
1,0.33,2,0.0,0,45,0,1,8,130,622,0,0.2090032154340836,0.06153846153846154,0.012861736334405145,,
1,0.1,2,0.0,0,43,0,0,60,192,141,0,1.3617021276595744,0.3125,0.425531914893617,,
1,0.0,2,0.0,0,56,0,1,51,498,337,0,1.4777448071216617,0.10240963855421686,0.1513353115727003,,
1,0.33,2,0.0,0,86,0,1,25,96,499,0,0.19238476953907815,0.2604166666666667,0.050100200400801605,,
1,0.0,1,0.0,0,97,0,1,188,202,605,0,0.3338842975206612,0.9306930693069307,0.31074380165289256,,
1,0.0,3,0.0,0,46,0,1,590,175,199,0,0.8793969849246231,3.3714285714285714,2.9648241206030153,,
1,0.0,2,0.0,0,39,0,1,251,223,694,0,0.32132564841498557,1.1255605381165918,0.361671469740634,,
1,0.5,1,0.0,0,0,0,1,0,189,276,0,0.6847826086956522,0.0,0.0,,
1,0.0,0,0.0,0,28,0,1,58,486,862,0,0.5638051044083526,0.11934156378600823,0.06728538283062645,,
1,0.22,2,0.0,0,63,0,1,46,464,367,0,1.2643051771117166,0.09913793103448276,0.12534059945504086,,
1,0.0,2,0.0,0,24,0,1,19,150,157,0,0.9554140127388535,0.12666666666666668,0.12101910828025478,,
1,0.1,1,0.0,0,4,0,1,250,2983,545,0,5.473394495412844,0.08380824673147838,0.45871559633027525,,
1,0.0,1,0.0,0,27,0,1,28,116,138,0,0.8405797101449275,0.2413793103448276,0.2028985507246377,,
1,0.0,1,0.0,0,137,1,0,1065,155537,1395,0,111.49605734767025,0.006847245349981034,0.7634408602150538,,
1,0.0,1,0.0,0,69,0,1,209,248,490,0,0.5061224489795918,0.842741935483871,0.42653061224489797,,
1,0.33,1,0.0,0,0,0,1,5,348,347,0,1.0028818443804035,0.014367816091954023,0.01440922190201729,,
1,0.0,2,0.0,0,147,1,0,1879,4021842,5514,0,729.3873775843308,0.0004671988606215759,0.3407689517591585,,
1,0.0,2,0.0,0,0,0,0,9,366,552,0,0.6630434782608695,0.02459016393442623,0.016304347826086956,,
1,0.0,2,0.0,0,138,1,0,253,1064,573,0,1.8568935427574171,0.23778195488721804,0.44153577661431065,,
1,0.0,2,0.0,0,117,1,0,90,81267,963,0,84.38940809968847,0.0011074605928605707,0.09345794392523364,,
1,0.0,2,0.0,0,0,0,1,8,400,449,0,0.89086859688196,0.02,0.017817371937639197,,
1,0.17,1,0.0,0,0,0,0,12,361,562,0,0.6423487544483986,0.0332409972299169,0.021352313167259787,,
1,0.0,2,0.0,0,14,0,0,13,228,346,0,0.6589595375722543,0.05701754385964912,0.03757225433526012,,
1,0.0,2,0.3,0,18,0,0,59,855,151,0,5.662251655629139,0.06900584795321638,0.39072847682119205,60.0,0.0
1,0.0,4,0.0,0,54,1,0,77,777,148,0,5.25,0.0990990990990991,0.5202702702702703,,
1,0.0,1,0.0,0,0,1,0,14,264,151,0,1.7483443708609272,0.05303030303030303,0.09271523178807947,,
1,0.15,2,0.0,0,73,1,0,330,1572,3504,0,0.4486301369863014,0.2099236641221374,0.09417808219178082,,
1,0.0,0,0.0,0,47,0,1,2,510,185,0,2.7567567567567566,0.00392156862745098,0.010810810810810811,,
1,0.0,2,0.0,0,84,1,0,932,1027419,293,0,3506.5494880546075,0.0009071274718493623,3.1808873720136517,,
1,0.0,1,0.0,0,39,1,0,6,710,549,0,1.2932604735883424,0.008450704225352112,0.01092896174863388,,
1,0.09,2,0.0,0,77,0,0,463,2267,466,0,4.864806866952789,0.20423467137185708,0.9935622317596566,,
1,0.0,1,0.0,0,33,0,1,62,2055,993,0,2.069486404833837,0.03017031630170316,0.06243705941591138,,
1,0.0,2,0.0,0,149,1,1,247,814,1111,0,0.7326732673267327,0.3034398034398034,0.2223222322232223,,
1,0.0,2,0.0,0,8,0,1,85,668,605,0,1.1041322314049586,0.12724550898203593,0.14049586776859505,,
1,0.0,2,0.0,0,0,0,0,0,87,40,0,2.175,0.0,0.0,,
1,0.0,2,0.0,0,18,0,1,118,461,1055,0,0.4369668246445498,0.2559652928416486,0.11184834123222749,,
1,0.0,9,0.0,0,133,1,0,307,602517,482,0,1250.0352697095436,0.0005095291917074539,0.6369294605809128,,
1,0.0,3,0.0,0,0,0,0,9,62,47,0,1.3191489361702127,0.14516129032258066,0.19148936170212766,,
1,0.0,2,0.0,0,81,0,1,25,341,274,0,1.2445255474452555,0.07331378299120235,0.09124087591240876,,
1,0.0,2,0.0,0,4,0,0,42,717,223,0,3.2152466367713006,0.058577405857740586,0.18834080717488788,,
1,0.0,1,0.0,0,13,0,1,14,386,363,0,1.0633608815426998,0.03626943005181347,0.03856749311294766,,
1,0.0,2,0.0,0,20,0,0,78,673,568,0,1.1848591549295775,0.11589895988112928,0.13732394366197184,,
1,0.0,7,0.0,0,24,0,1,465,654,535,0,1.222429906542056,0.7110091743119266,0.8691588785046729,,
1,0.0,2,0.0,0,19,0,0,65,751,577,0,1.3015597920277295,0.08655126498002663,0.11265164644714037,,
1,0.14,2,0.0,0,0,0,0,9,209,276,0,0.7572463768115942,0.0430622009569378,0.03260869565217391,,
1,0.0,2,0.0,0,146,0,0,145,573,474,0,1.2088607594936709,0.2530541012216405,0.3059071729957806,,
1,0.0,2,0.0,0,0,0,1,1,284,505,0,0.5623762376237624,0.0035211267605633804,0.0019801980198019802,,
0,0.05,1,0.0,0,0,0,0,0,0,2,1,0.0,,0.0,,
1,0.27,1,0.0,0,0,0,0,0,45,64,1,0.703125,0.0,0.0,,
0,0.07,1,0.0,0,0,0,0,0,19,30,1,0.6333333333333333,0.0,0.0,,
0,0.0,1,0.0,1,0,0,0,0,69,694,1,0.0994236311239193,0.0,0.0,,
0,0.0,2,0.0,0,0,0,0,0,22,82,1,0.2682926829268293,0.0,0.0,,
0,0.22,0,0.0,0,0,0,0,0,31,124,1,0.25,0.0,0.0,,
0,0.0,3,0.0,0,0,0,0,0,9,25,1,0.36,0.0,0.0,,
0,0.0,1,0.0,1,0,0,0,0,69,694,1,0.0994236311239193,0.0,0.0,,
0,0.0,1,0.0,0,0,0,0,0,23,33,1,0.696969696969697,0.0,0.0,,
0,0.62,1,0.4,0,0,0,0,1,17,34,1,0.5,0.058823529411764705,0.029411764705882353,0.0,1.5499999999999998
0,0.0,2,0.0,0,14,0,0,0,46,38,1,1.2105263157894737,0.0,0.0,,
0,0.42,1,0.0,0,0,0,0,0,16,2,1,8.0,0.0,0.0,,
0,0.62,1,0.4,0,0,0,0,0,0,18,1,0.0,,0.0,0.0,1.5499999999999998
0,0.5,1,0.4,0,0,0,0,0,21,1,1,21.0,0.0,0.0,0.0,1.25
0,0.31,0,0.0,0,0,0,0,0,52,15,1,3.466666666666667,0.0,0.0,,
0,0.27,1,0.0,0,0,0,0,1,24,2,1,12.0,0.041666666666666664,0.5,,
0,0.5,2,0.0,0,0,0,0,0,13,22,1,0.5909090909090909,0.0,0.0,,
0,0.75,1,1.0,0,0,0,0,0,227,353,1,0.6430594900849859,0.0,0.0,0.0,0.75
1,0.43,1,0.0,0,0,0,0,2,10,24,1,0.4166666666666667,0.2,0.08333333333333333,,
0,0.25,1,0.0,0,0,0,0,0,46,18,1,2.5555555555555554,0.0,0.0,,
1,0.88,1,1.0,0,0,0,0,3,57,22,1,2.590909090909091,0.05263157894736842,0.13636363636363635,0.0,0.88
1,0.89,1,1.0,0,0,0,0,8,341,2287,1,0.14910362920857018,0.02346041055718475,0.0034980323567993005,0.0,0.89
1,0.0,2,0.0,0,0,0,0,3,1789,6153,1,0.29075247846578905,0.0016769144773616546,0.00048756704046806434,,
1,0.27,1,0.0,0,0,0,0,0,45,64,1,0.703125,0.0,0.0,,
0,0.0,1,0.0,0,0,0,0,0,21,31,1,0.6774193548387096,0.0,0.0,,
1,0.56,1,0.56,1,20,0,0,34,309,250,1,1.236,0.11003236245954692,0.136,35.71428571428571,1.0
1,0.0,3,0.0,0,58,0,0,4,1742,6172,1,0.28224238496435516,0.002296211251435132,0.0006480881399870382,,
0,0.14,1,0.0,0,0,0,0,0,1906,2129,1,0.8952559887271019,0.0,0.0,,
1,0.0,5,0.0,0,0,0,0,1,39,324,1,0.12037037037037036,0.02564102564102564,0.0030864197530864196,,
0,0.5,0,0.0,0,0,0,0,1,17,33,1,0.5151515151515151,0.058823529411764705,0.030303030303030304,,
1,0.0,2,0.0,0,0,0,0,1,62,126,1,0.49206349206349204,0.016129032258064516,0.007936507936507936,,
1,0.5,1,0.0,0,0,0,0,0,119,350,1,0.34,0.0,0.0,,
0,0.33,1,0.0,0,0,0,0,0,2997,764,1,3.9227748691099475,0.0,0.0,,
1,0.0,0,0.0,0,0,0,0,15,772,3239,1,0.2383451682618092,0.019430051813471502,0.004631058968817536,,
1,0.0,1,0.0,0,0,0,0,4,129,920,1,0.14021739130434782,0.031007751937984496,0.004347826086956522,,
1,0.38,2,0.25,0,0,0,0,70,94,105,1,0.8952380952380953,0.7446808510638298,0.6666666666666666,0.0,1.52
0,0.0,1,0.0,0,0,0,0,2,37,58,1,0.6379310344827587,0.05405405405405406,0.034482758620689655,,
1,0.33,1,0.0,0,0,0,0,81,75,55,1,1.3636363636363635,1.08,1.4727272727272727,,
0,0.31,1,0.33,0,0,0,0,0,42,175,1,0.24,0.0,0.0,0.0,0.9393939393939393
1,0.67,1,0.5,0,0,0,0,5,145,202,1,0.7178217821782178,0.034482758620689655,0.024752475247524754,0.0,1.34
1,0.38,1,0.0,0,0,0,0,21,128,636,1,0.20125786163522014,0.1640625,0.0330188679245283,,
1,0.38,1,0.0,0,0,0,0,3,88,72,1,1.2222222222222223,0.03409090909090909,0.041666666666666664,,
0,0.0,0,0.0,0,0,0,0,2,1987,7453,1,0.2666040520595733,0.0010065425264217413,0.0002683483161143164,,
1,0.48,1,0.0,0,0,0,0,16,100,162,1,0.6172839506172839,0.16,0.09876543209876543,,
1,0.57,1,0.0,0,0,0,0,3,214,829,1,0.25814234016887816,0.014018691588785047,0.0036188178528347406,,
1,0.88,1,1.0,0,0,0,0,23,227,776,1,0.2925257731958763,0.1013215859030837,0.029639175257731958,0.0,0.88
1,0.89,2,0.0,0,0,0,0,6,192,942,1,0.20382165605095542,0.03125,0.006369426751592357,,
0,0.44,1,0.44,1,112,0,0,4,415,1445,1,0.28719723183391005,0.00963855421686747,0.002768166089965398,254.54545454545453,1.0
0,0.0,1,0.0,0,0,0,0,0,926,4239,1,0.21844774711016748,0.0,0.0,,
1,0.44,1,0.0,0,0,0,0,60,238,1381,1,0.1723388848660391,0.25210084033613445,0.04344677769732078,,
1,0.0,1,0.0,0,0,0,0,1,193,669,1,0.2884902840059791,0.0051813471502590676,0.0014947683109118087,,
1,0.0,1,0.25,0,0,0,0,0,49,235,1,0.20851063829787234,0.0,0.0,0.0,0.0
0,0.44,1,0.0,0,0,0,0,0,13,7,1,1.8571428571428572,0.0,0.0,,
1,0.45,1,0.4,0,0,0,0,2,74,270,1,0.2740740740740741,0.02702702702702703,0.007407407407407408,0.0,1.125
1,0.33,1,0.0,0,0,0,0,8,88,76,1,1.1578947368421053,0.09090909090909091,0.10526315789473684,,
1,0.29,1,0.0,0,0,0,0,13,114,811,1,0.1405672009864365,0.11403508771929824,0.016029593094944512,,
1,0.4,1,0.0,0,0,0,0,4,150,164,1,0.9146341463414634,0.02666666666666667,0.024390243902439025,,
1,0.0,2,0.0,0,0,0,0,3,833,3572,1,0.2332026875699888,0.003601440576230492,0.0008398656215005599,,
0,0.17,1,0.0,0,0,0,0,1,219,1695,1,0.12920353982300886,0.0045662100456621,0.0005899705014749262,,
1,0.44,1,0.0,0,0,0,0,3,39,68,1,0.5735294117647058,0.07692307692307693,0.04411764705882353,,
